Portal;Barrio;Tipo;Titulo;Precio;Expensas;Direccion;Metros_Totales;Metros_Cubiertos;Ambientes;Dormitorios;Baños;URL;Fecha_Publicacion;Inmobiliaria
cabaprop;belgrano;Departamento;Departamento En Alquiler En Belgrano;690000;230000;Avenida Cabildo al 1700;40;40;2;1;1;https://cabaprop.com.ar/propiedad/698ff08d76238456d4ad3c1d/Departamento-En-Alquiler-En-Belgrano;14/2/2026;Jumo Inmobiliaria Montalto Propiedades
cabaprop;belgrano;Departamento;Departamento En Alquiler En Belgrano;690000;230000;Avenida Cabildo al 1700;40;40;2;1;1;https://cabaprop.com.ar/propiedad/698ff08c76238456d4ad3c18/Departamento-En-Alquiler-En-Belgrano;14/2/2026;Jumo Inmobiliaria Montalto Propiedades
cabaprop;belgrano;Departamento;Excelente 2 Ambientes En Belgrano - Con Balcon Frances;580000;98000;Virrey Arredondo al 2400;40;40;2;1;1;https://cabaprop.com.ar/propiedad/698febaa76238456d4ad2c33/Excelente-2-Ambientes-En-Belgrano---Con-Balcon-Frances;14/2/2026;BIENVENDE AMELIA CLARO
cabaprop;belgrano;Departamento;Excelente 2 Ambientes En Belgrano - Con Balcon Frances;580000;98000;Virrey Arredondo al 2400;40;40;2;1;1;https://cabaprop.com.ar/propiedad/698feba976238456d4ad2c2d/Excelente-2-Ambientes-En-Belgrano---Con-Balcon-Frances;14/2/2026;BIENVENDE AMELIA CLARO
cabaprop;belgrano;Departamento;Departamento - Alquiler - Capital Federal;600000;200000;Cabildo al 2900;55;55;3;2;2;https://cabaprop.com.ar/propiedad/698eb84776238456d4ac9dc9/Departamento---Alquiler---Capital-Federal;13/2/2026;LEPORE
cabaprop;belgrano;Departamento;Departamento En Alquiler En Belgrano;700000;236000;Avenida Cabildo al 2600;65;60;3;2;1;https://cabaprop.com.ar/propiedad/698ea6a776238456d4ac74c8/Departamento-En-Alquiler-En-Belgrano;13/2/2026;Fernanda Haber Propiedades
cabaprop;belgrano;Departamento;Departamento En Alquiler En Belgrano, Capital Federal;650000;;Virrey Loreto al 2500;37;37;2;1;1;https://cabaprop.com.ar/propiedad/698d525176238456d4ab5db9/Departamento-En-Alquiler-En-Belgrano-Capital-Federal;12/2/2026;ROMAN CIFRE PROPIEDADES
cabaprop;belgrano;Departamento;A mts Av. Cabildo. Amplio 2 amb;500000;175000;Iberá al 2300;40;40;2;1;1;https://cabaprop.com.ar/propiedad/698a23fd76238456d4a87cae/A-mts-Av-Cabildo-Amplio-2-amb;9/2/2026;MARIA LUISA AS. INMOBILIARIO
cabaprop;belgrano;Departamento;Alquiler 2 Amb Lateral en Belgrano Apto Profesional;550000;105000;ARCOS al 2300;34;34;2;1;1;https://cabaprop.com.ar/propiedad/69857e5476238456d4a5529b/Alquiler-2-Amb-Lateral-en-Belgrano-Apto-Profesional;6/2/2026;MENASCHES PROPIEDADES
cabaprop;belgrano;Departamento;2 AMB 40m2 LUMINOSOS, ACEPTO GARANTÍA del INTERIOR;500000;125100;Vidal al 2400;40;40;2;1;1;https://cabaprop.com.ar/propiedad/698513b776238456d4a4bc43/2-AMB-40m2-LUMINOSOS-ACEPTO-GARANTIA-del-INTERIOR;5/2/2026;ROCCA PROPIEDADES
cabaprop;belgrano;Departamento;OPPEL | Departamento en Alquiler | BELGRANO Capital Federal | Cod: 942;600000;176237;AVENIDA LUIS MARIA CAMPOS al 1500;39;36;2;1;1;https://cabaprop.com.ar/propiedad/69842d0b76238456d4a421b5/OPPEL-Departamento-en-Alquiler-BELGRANO-Capital-Federal-Cod-942;5/2/2026;OPPEL S.A.
cabaprop;belgrano;Departamento;Alquiler Departamento 2 Ambientes 40m² - Belgrano;600000;153000;Zabala al 2400;35;35;2;1;1;https://cabaprop.com.ar/propiedad/697d7320e093840dd60feeab/Alquiler-Departamento-2-Ambientes-40m---Belgrano;31/1/2026;GUIDETTI PROPIEDADES
cabaprop;belgrano;Departamento;Departamento 2 Ambientes Alquiler - Belgrano;600000;170000;Blanco Encalada al 2800;41;37;2;1;1;https://cabaprop.com.ar/propiedad/697ad830e093840dd60d9d02/Departamento-2-Ambientes-Alquiler---Belgrano;29/1/2026;DIC PROPIEDADES
cabaprop;belgrano;Departamento;Departamento En Alquiler En Belgrano, Capital Federal;550000;160000;Arcos al 2800;37;36;2;1;1;https://cabaprop.com.ar/propiedad/6976e46bcc8f3498fafb64f4/Departamento-En-Alquiler-En-Belgrano-Capital-Federal;26/1/2026;NHR BIENES RAICES
cabaprop;belgrano;Departamento;OPPEL | Departamento en Alquiler | BELGRANO Capital Federal | Cod: 33721;500000;93100;MONROE al 2000;30;30;2;1;1;https://cabaprop.com.ar/propiedad/6975ac3acc8f3498fafa8701/OPPEL-Departamento-en-Alquiler-BELGRANO-Capital-Federal-Cod-33721;25/1/2026;OPPEL S.A.
cabaprop;belgrano;Departamento;Departamento En Alquiler En Belgrano;690000;208000;Avenida Cabildo al 2200;46;40;2;1;1;https://cabaprop.com.ar/propiedad/69743a43cc8f3498faf8e965/Departamento-En-Alquiler-En-Belgrano;24/1/2026;VALJOR PROPIEDADES
cabaprop;belgrano;Departamento;OPPEL | Departamento en Alquiler | BELGRANO Capital Federal | Cod: 33721;500000;93100;MONROE al 2000;30;30;2;1;1;https://cabaprop.com.ar/propiedad/696c71b5cc8f3498fae94fd6/OPPEL-Departamento-en-Alquiler-BELGRANO-Capital-Federal-Cod-33721;18/1/2026;OPPEL S.A.
cabaprop;belgrano;Departamento;2 ambientes amplios muy luminosos, todo al frente.;725000;240000;Avenida Juramento al 2800;48;44;2;1;1;https://cabaprop.com.ar/propiedad/69696c81cc8f3498fae25a1f/2-ambientes-amplios-muy-luminosos-todo-al-frente;15/1/2026;MORELLI & MORELLI BIENES RAICES
cabaprop;belgrano;Departamento;OPPEL | Departamento en Alquiler | BELGRANO Capital Federal | Cod: 33721;500000;93100;MONROE al 2000;30;30;2;1;1;https://cabaprop.com.ar/propiedad/69672c79cc8f3498fadd623d/OPPEL-Departamento-en-Alquiler-BELGRANO-Capital-Federal-Cod-33721;14/1/2026;OPPEL S.A.
cabaprop;belgrano;Departamento;Departamento - Alquiler - Capital Federal;680000;210000;MOLDES al 1400;40;40;2;1;1;https://cabaprop.com.ar/propiedad/6958aaf6f2487d1dd4d04aac/Departamento---Alquiler---Capital-Federal;3/1/2026;LUISIO ESTUDIO INMOBILIARIO
cabaprop;belgrano;Departamento;Departamento En Alquiler En Belgrano;630000;190000;Avenida Olazábal al 3000;38;38;2;1;1;https://cabaprop.com.ar/propiedad/6954a7db269e10adbfef14d9/Departamento-En-Alquiler-En-Belgrano;31/12/2025;MAGISTER PROPIEDADES DESDE 1978
cabaprop;belgrano;Departamento;Calle Ohiggins 4625. Departamento 3 Ambientes. Cocina Indepdendiente Con Lavadero.;780000;160800;O'Higgins al 4600;60;60;3;2;1;https://cabaprop.com.ar/propiedad/6954a1c6269e10adbfeefdc9/Calle-Ohiggins-4625-Departamento-3-Ambientes-Cocina-Indepdendiente-Con-Lavadero;31/12/2025;GRILLO PROPIEDADES
cabaprop;belgrano;Departamento;Alquiler Departamento 2 Ambientes En Belgrano;680000;140000;Arcos al 2400;40;40;2;1;1;https://cabaprop.com.ar/propiedad/6953557a269e10adbfece921/Alquiler-Departamento-2-Ambientes-En-Belgrano;30/12/2025;LINCOLN NEGOCIOS INMOBILIARIOS
cabaprop;belgrano;Departamento;3 amb. al frente. Muy buena luminosidad y ubicación.;720000;265000;CABILDO, AVDA. al 200;50;50;3;2;1;https://cabaprop.com.ar/propiedad/6944e33d38bf638b63bb25e9/3-amb-al-frente-Muy-buena-luminosidad-y-ubicacion;19/12/2025;ALEMANY PROPIEDADES
cabaprop;belgrano;Departamento;ALQUILER DOS AMB. EN BELGRANO;650000;;AV. MONROE 2532;50;50;2;1;1;https://cabaprop.com.ar/propiedad/6942fa2e38bf638b63b81b12/ALQUILER-DOS-AMB-EN-BELGRANO;17/12/2025;MEZZINA INMUEBLES
cabaprop;belgrano;Departamento;EXCELENTE 2 AMBIENTES EQUIPADO;800000;132000;SOLDADO DE LA INDEEPENDENCIA al 1000;34;34;2;1;1;https://cabaprop.com.ar/propiedad/69312ecbc105ae8ac6559969/EXCELENTE-2-AMBIENTES-EQUIPADO;4/12/2025;LUISIO ESTUDIO INMOBILIARIO
cabaprop;belgrano;Departamento;OPPEL | Departamento en Alquiler | BELGRANO Capital Federal | Cod: 33720;600000;194735;CABILDO al 2400;40;40;2;1;1;https://cabaprop.com.ar/propiedad/692e8b4ec105ae8ac6530592/OPPEL-Departamento-en-Alquiler-BELGRANO-Capital-Federal-Cod-33720;2/12/2025;OPPEL S.A.
cabaprop;belgrano;Departamento;OPPEL | Departamento en Alquiler | BELGRANO Capital Federal | Cod: 33721;450000;93100;MONROE al 2000;30;30;2;1;1;https://cabaprop.com.ar/propiedad/691ebf3138aa5fa46807b4b7/OPPEL-Departamento-en-Alquiler-BELGRANO-Capital-Federal-Cod-33721;20/11/2025;OPPEL S.A.
cabaprop;belgrano;Departamento;OPPEL | Departamento en Alquiler | BELGRANO Capital Federal | Cod: 8679;600000;136902;MIGUELETES al 1200;42;36;2;1;1;https://cabaprop.com.ar/propiedad/691ebf2d38aa5fa46807b4b2/OPPEL-Departamento-en-Alquiler-BELGRANO-Capital-Federal-Cod-8679;20/11/2025;OPPEL S.A.
cabaprop;belgrano;Departamento;OPPEL | Departamento en Alquiler | BELGRANO Capital Federal | Cod: 32287;800000;152880;VIRREY DEL PINO al 2600;36;35;2;1;1;https://cabaprop.com.ar/propiedad/691d5b12fe12b64f3bc4362e/OPPEL-Departamento-en-Alquiler-BELGRANO-Capital-Federal-Cod-32287;19/11/2025;OPPEL S.A.
cabaprop;belgrano;Departamento;OPPEL | Departamento en Alquiler | BELGRANO Capital Federal | Cod: 33721;500000;93100;MONROE al 2000;30;30;2;1;1;https://cabaprop.com.ar/propiedad/691814cbcdc4dcdcc747bbda/OPPEL-Departamento-en-Alquiler-BELGRANO-Capital-Federal-Cod-33721;15/11/2025;OPPEL S.A.
cabaprop;belgrano;Departamento;OPPEL | Departamento en Alquiler | BELGRANO Capital Federal | Cod: 8679;600000;136902;MIGUELETES al 1200;42;36;2;1;1;https://cabaprop.com.ar/propiedad/6916c3c7731c9068f15d1975/OPPEL-Departamento-en-Alquiler-BELGRANO-Capital-Federal-Cod-8679;14/11/2025;OPPEL S.A.
cabaprop;belgrano;Departamento;OPPEL | Departamento en Alquiler | BELGRANO Capital Federal | Cod: 32287;800000;152880;VIRREY DEL PINO al 2600;36;35;2;1;1;https://cabaprop.com.ar/propiedad/69044eb15f9b3aad8551b092/OPPEL-Departamento-en-Alquiler-BELGRANO-Capital-Federal-Cod-32287;31/10/2025;OPPEL S.A.
cabaprop;belgrano;Departamento;Departamento - Alquiler - Capital Federal;630000;200000;CAMPOS, LUIS MARIA al 400;38;38;2;1;1;https://cabaprop.com.ar/propiedad/6902fb545f9b3aad855029e8/Departamento---Alquiler---Capital-Federal;30/10/2025;LUISIO ESTUDIO INMOBILIARIO
cabaprop;belgrano;Departamento;Amplio 2 ambientes con patio cubierto;700000;117000;Monroe al 2100;60;60;2;1;1;https://cabaprop.com.ar/propiedad/68fa196b5f9b3aad8545449b/Amplio-2-ambientes-con-patio-cubierto;23/10/2025;CASEBONNE PROPIEDADES
cabaprop;belgrano;Departamento;OPPEL | Departamento en Alquiler | BELGRANO Capital Federal | Cod: 32287;800000;152880;VIRREY DEL PINO al 2600;36;35;2;1;1;https://cabaprop.com.ar/propiedad/68ede4b95f9b3aad8536be84/OPPEL-Departamento-en-Alquiler-BELGRANO-Capital-Federal-Cod-32287;14/10/2025;OPPEL S.A.
cabaprop;coghlan;Departamento;Departamento En Coghlan;780000;190000;Manuel Ugarte al 3700;38;31;2;1;1;https://cabaprop.com.ar/propiedad/698e9eb576238456d4ac5d4e/Departamento-En-Coghlan;13/2/2026;DIC PROPIEDADES
cabaprop;coghlan;Departamento;Departamento - Alquiler - Capital Federal;790000;138000;PEREZ, ROQUE al 3100;55;39;2;1;1;https://cabaprop.com.ar/propiedad/69857e1c76238456d4a54f71/Departamento---Alquiler---Capital-Federal;6/2/2026;LUISIO ESTUDIO INMOBILIARIO
cabaprop;coghlan;Departamento;Departamento - Alquiler - Capital Federal;750000;248000;Dr. Ricardo Balbin al 2500;55;55;3;2;1;https://cabaprop.com.ar/propiedad/687746253f3625076a7999b3/Departamento---Alquiler---Capital-Federal;16/7/2025;G.O. Propiedades 
cabaprop;coghlan;Departamento;melián 3258 9 lat. todo sol! 2 ambientes equipado impecable alquiler 2 años;590000;150000;Avenida Melián al 3200;34;34;2;1;1;https://cabaprop.com.ar/propiedad/67e097aa110d588a9eff7a2c/melian-3258-9-lat-todo-sol-2-ambientes-equipado-impecable-alquiler-2-anos;23/3/2025;RITA ALVARADO
cabaprop;colegiales;Departamento;2 Ambientes Cómodo En Colegiales;750000;130000;Avenida Federico Lacroze al 1000;40;38;2;1;1;https://cabaprop.com.ar/propiedad/697d8256e093840dd6101dbb/2-Ambientes-Comodo-En-Colegiales;31/1/2026;MAXIM RENTALS
cabaprop;colegiales;Departamento;2 Ambientes Cómodo En Colegiales;750000;130000;Avenida Federico Lacroze al 1000;40;38;2;1;1;https://cabaprop.com.ar/propiedad/697d8255e093840dd6101db4/2-Ambientes-Comodo-En-Colegiales;31/1/2026;MAXIM RENTALS
cabaprop;colegiales;Departamento;2 Ambientes Cómodo En Colegiales;750000;130000;Avenida Federico Lacroze al 1000;40;38;2;1;1;https://cabaprop.com.ar/propiedad/697d8253e093840dd6101dac/2-Ambientes-Comodo-En-Colegiales;31/1/2026;MAXIM RENTALS
cabaprop;colegiales;Departamento;Departamento En Alquiler En Colegiales;600000;70000;Maure al 2500;36;36;2;1;1;https://cabaprop.com.ar/propiedad/6961d252cc8f3498fad52143/Departamento-En-Alquiler-En-Colegiales;10/1/2026;Gaed Negocios Inmobiliarios
cabaprop;colegiales;Departamento;alquiler de 2 ambientes a mts de cabildo;530000;143000;Teodoro Garcia al 2500;36;36;2;1;1;https://cabaprop.com.ar/propiedad/694637b838bf638b63bd5313/alquiler-de-2-ambientes-a-mts-de-cabildo;20/12/2025;LEPORE
cabaprop;colegiales;Departamento;OPPEL | Departamento en Alquiler | COLEGIALES Capital Federal | Cod: 9033614;750000;140560;14 DE JULIO al 1300;47;45;3;2;1;https://cabaprop.com.ar/propiedad/691d5b19fe12b64f3bc43639/OPPEL-Departamento-en-Alquiler-COLEGIALES-Capital-Federal-Cod-9033614;19/11/2025;OPPEL S.A.
cabaprop;colegiales;Departamento;OPPEL | Departamento en Alquiler | COLEGIALES Capital Federal | Cod: 33614;750000;141233;14 DE JULIO al 1300;47;45;3;2;1;https://cabaprop.com.ar/propiedad/69059f78d5354b32bb738ad3/OPPEL-Departamento-en-Alquiler-COLEGIALES-Capital-Federal-Cod-33614;1/11/2025;OPPEL S.A.
cabaprop;colegiales;Departamento;Alquiler PH Comercial Oficina Profesional en Colegiales;700000;;CONESA al 1000;80;38;2;1;1;https://cabaprop.com.ar/propiedad/68ba7941a06a9d959d34bb02/Alquiler-PH-Comercial-Oficina-Profesional-en-Colegiales;5/9/2025;MENASCHES PROPIEDADES
cabaprop;colegiales;Departamento;OPPEL | Departamento en Alquiler | COLEGIALES Capital Federal | Cod: 33614;750000;141233;14 DE JULIO al 1300;47;45;3;2;1;https://cabaprop.com.ar/propiedad/68b3e397148236701489eac3/OPPEL-Departamento-en-Alquiler-COLEGIALES-Capital-Federal-Cod-33614;31/8/2025;OPPEL S.A.
cabaprop;palermo;Departamento;Departamento - Alquiler - Capital Federal;690000;127000;JERONIMO SALGUERO al 2300;33;33;2;1;1;https://cabaprop.com.ar/propiedad/698eb7c776238456d4ac993c/Departamento---Alquiler---Capital-Federal;13/2/2026;LEPORE
cabaprop;palermo;Departamento;Alquiler Departamento 2 Ambientes En Palermo;750000;175000;Paraguay al 4100;53;45;2;1;1;https://cabaprop.com.ar/propiedad/698eadd876238456d4ac8b80/Alquiler-Departamento-2-Ambientes-En-Palermo;13/2/2026;Tognola Propiedades
cabaprop;palermo;Departamento;Departamento En Alquiler 2 Amb Palermo;650000;150000;Soler al 3700;40;40;2;1;1;https://cabaprop.com.ar/propiedad/698e9d1c76238456d4ac5653/Departamento-En-Alquiler-2-Amb-Palermo;13/2/2026;MONTERO
cabaprop;palermo;Departamento;Hermoso Departamento Al Frente Con Vista Plena A Plaza Guadalupe | Palermo Freuddepartamento;650000;140000;Paraguay al 3800;43;38;2;1;1;https://cabaprop.com.ar/propiedad/698e96b476238456d4ac4357/Hermoso-Departamento-Al-Frente-Con-Vista-Plena-A-Plaza-Guadalupe-Palermo-Freuddepartamento;13/2/2026;ALCARAZ
cabaprop;palermo;Departamento;Departamento - Alquiler - Capital Federal;800000;;AV SANTA FE al 4900;42;42;2;1;1;https://cabaprop.com.ar/propiedad/698c15aa76238456d4aa619e/Departamento---Alquiler---Capital-Federal;11/2/2026;MENENDEZ PROPIEDADES 
cabaprop;palermo;Departamento;Departamento En Alquiler En Palermo, Capital Federal;650000;91000;Julián Álvarez al 2100;38;38;2;1;1;https://cabaprop.com.ar/propiedad/698c03a576238456d4aa3917/Departamento-En-Alquiler-En-Palermo-Capital-Federal;11/2/2026;CADAHIA PROPIEDADES
cabaprop;palermo;Departamento;Cerviño 4400;680000;120000;Avenida Cerviño al 4400;38;38;2;1;1;https://cabaprop.com.ar/propiedad/698bfef876238456d4aa29ae/Cervino-4400;11/2/2026;ESCALADA PROPIEDADES
cabaprop;palermo;Departamento;CERVIÑO 4400;680000;120000;Cerviño 4400;38;38;2;1;1;https://cabaprop.com.ar/propiedad/698b3cfb76238456d4a98004/CERVINO-4400;10/2/2026;ESCALADA PROPIEDADES
cabaprop;palermo;Departamento;2 Ambientes En Alquiler Amoblado, Frente Al Boulevard Cerviño;630000;130000;Departamento - Departamento Avenida Santa Fe;40;40;2;1;1;https://cabaprop.com.ar/propiedad/698ab61376238456d4a934ee/2-Ambientes-En-Alquiler-Amoblado-Frente-Al-Boulevard-Cervino;10/2/2026;LLAURÓ Propiedades
cabaprop;palermo;Departamento;Departamento En Alquiler En Las Cañitas;700000;123000;Arce al 700;40;40;2;1;1;https://cabaprop.com.ar/propiedad/6986af9476238456d4a61d2b/Departamento-En-Alquiler-En-Las-Canitas;7/2/2026;RINCONES DE BUENOS AIRES
cabaprop;palermo;Departamento;Departamento En Alquiler En Palermo;790000;340000;Gorriti al 3600;45;36;2;1;1;https://cabaprop.com.ar/propiedad/6986aedf76238456d4a61a40/Departamento-En-Alquiler-En-Palermo;7/2/2026;CIFRE PROFESIONALES INMOBILIARIOS
cabaprop;palermo;Departamento;Alquiler Dos Ambientes En Palermo;670000;201000;Avenida Cerviño al 3500;36;30;2;1;1;https://cabaprop.com.ar/propiedad/69840b6376238456d4a3b88c/Alquiler-Dos-Ambientes-En-Palermo;5/2/2026;RGM REAL ESTATE	
cabaprop;palermo;Departamento;Departamento En Alquiler En Palermo;800000;180000;Bonpland al 2400;38;33;2;1;1;https://cabaprop.com.ar/propiedad/6982c620e093840dd6146e38/Departamento-En-Alquiler-En-Palermo;4/2/2026;LIPOVICH
cabaprop;palermo;Departamento;DEPARTAMENTO 2 AMBIENTES - PALERMO, CAPITAL FEDERAL;600000;67000;Armenia al 2200;45;45;2;1;;https://cabaprop.com.ar/propiedad/69811762e093840dd612dc47/DEPARTAMENTO-2-AMBIENTES---PALERMO-CAPITAL-FEDERAL;2/2/2026;Rossi Propiedades S.R.L.
cabaprop;palermo;Departamento;Departamento En Alquiler En Palermo;760000;190000;Billinghurst al 2100;40;40;2;1;1;https://cabaprop.com.ar/propiedad/697c2bebe093840dd60ee609/Departamento-En-Alquiler-En-Palermo;30/1/2026;REY PETIT PROPIEDADES
cabaprop;palermo;Departamento;Alquiler Departamento 2 Ambientes Al Frente Palermo;500000;210000;Santa Maria de Oro al al 2500;34;32;2;1;1;https://cabaprop.com.ar/propiedad/697ad364e093840dd60d8b14/Alquiler-Departamento-2-Ambientes-Al-Frente-Palermo;29/1/2026;BIENVENDE AMELIA CLARO
cabaprop;palermo;Departamento;Departamento En Alquiler En Palermo;550000;29000;Julián Álvarez al 1700;33;33;2;1;1;https://cabaprop.com.ar/propiedad/6978ef0766da6551b7baf0ca/Departamento-En-Alquiler-En-Palermo;27/1/2026;GERACI PROPIEDADES
cabaprop;palermo;Departamento;DEPARTAMENTO 3 AMBIENTES - PALERMO, CAPITAL FEDERAL;770000;290000;JULIAN ALVAREZ al 2400;60;57;3;2;1;https://cabaprop.com.ar/propiedad/6978c75866da6551b7bab63f/DEPARTAMENTO-3-AMBIENTES---PALERMO-CAPITAL-FEDERAL;27/1/2026;Rossi Propiedades S.R.L.
cabaprop;palermo;Departamento;Departamento - Alquiler - Capital Federal;750000;135000;Juan B. Justo al 2200;120;40;2;1;1;https://cabaprop.com.ar/propiedad/69745931cc8f3498faf951c4/Departamento---Alquiler---Capital-Federal;24/1/2026;CASSINO PROPIEDADES
cabaprop;palermo;Departamento;Departamento dos ambiente en Palermo Soho;600000;120000;Thames al 1800;40;40;2;1;1;https://cabaprop.com.ar/propiedad/6972889ccc8f3498faf58e65/Departamento-dos-ambiente-en-Palermo-Soho;22/1/2026;French & Asociados Brokers Inmobiliarios
cabaprop;palermo;Departamento;Departamento De 2 Ambientes En Alquiler En Palermo;600000;200000;José A. Cabrera al 3800;55;36;2;1;1;https://cabaprop.com.ar/propiedad/6971a124cc8f3498faf3e1a5/Departamento-De-2-Ambientes-En-Alquiler-En-Palermo;22/1/2026;MIGLIORISI INMOBILIARIA
cabaprop;palermo;Departamento;Departamento dos ambientes lateral Palermo Soho;600000;164000;Malabia al 1600;35;35;2;1;1;https://cabaprop.com.ar/propiedad/696e78f3cc8f3498faed7a2d/Departamento-dos-ambientes-lateral-Palermo-Soho;19/1/2026;French & Asociados Brokers Inmobiliarios
cabaprop;palermo;Departamento;Departamento Con Patio, Frente Al Zoologico;800000;130000;República de la India al 2900;42;36;2;1;1;https://cabaprop.com.ar/propiedad/696b0ee3cc8f3498fae65be1/Departamento-Con-Patio-Frente-Al-Zoologico;17/1/2026;MAXIM RENTALS
cabaprop;palermo;Departamento;2 Amb. Palermo, Gascón 1224.3ªa Frente Con Balón, Impecable;650000;190000;Gascón al 1200;49;47;2;1;1;https://cabaprop.com.ar/propiedad/696864f8cc8f3498fadff629/2-Amb-Palermo-Gascon-1224-3-a-Frente-Con-Balon-Impecable;15/1/2026;GHIRAY
cabaprop;palermo;Departamento;Cañitas, 2 Ambientes en Planta Baja. MUY BUENA UBICACION.;600000;108000;Arce al 300;37;37;2;1;1;https://cabaprop.com.ar/propiedad/69678e39cc8f3498faddae95/Canitas-2-Ambientes-en-Planta-Baja-MUY-BUENA-UBICACION;14/1/2026;REALTY PROP S.R.L
cabaprop;palermo;Departamento;DEPARTAMENTO 2 AMBIENTES - PALERMO, CAPITAL FEDERAL;600000;;DARWIN al 1300;37;35;2;1;1;https://cabaprop.com.ar/propiedad/6965433ccc8f3498fad81e66/DEPARTAMENTO-2-AMBIENTES---PALERMO-CAPITAL-FEDERAL;12/1/2026;ASHARDJIAN INMOBILIARIA
cabaprop;palermo;Departamento;DEPARTAMENTO 2 AMBIENTES - PALERMO, CAPITAL FEDERAL;650000;137000;SANTA FE al 5200;40;40;2;1;1;https://cabaprop.com.ar/propiedad/69615077cc8f3498fad49515/DEPARTAMENTO-2-AMBIENTES---PALERMO-CAPITAL-FEDERAL;9/1/2026;ASHARDJIAN INMOBILIARIA
cabaprop;palermo;Departamento;OPPEL | Departamento en Alquiler | PALERMO Capital Federal | Cod: 33778;620000;95315;URIARTE al 2100;42;35;2;1;1;https://cabaprop.com.ar/propiedad/695df1deeb643cad555ebb7c/OPPEL-Departamento-en-Alquiler-PALERMO-Capital-Federal-Cod-33778;7/1/2026;OPPEL S.A.
cabaprop;palermo;Departamento;DEPARTAMENTO 2 AMBIENTES EN PALERMO AMOBLADO AL FRENTE CON BALCON;750000;250000;Charcas al 3300;49;45;2;1;1;https://cabaprop.com.ar/propiedad/695c19cbf2487d1dd4d2ea48/DEPARTAMENTO-2-AMBIENTES-EN-PALERMO-AMOBLADO-AL-FRENTE-CON-BALCON;5/1/2026;JT INMOBILIARIA 
cabaprop;palermo;Departamento;Departamento De 2 Ambientes En Alquiler En Palermo;750000;75000;Güemes al 2900;46;36;2;1;1;https://cabaprop.com.ar/propiedad/695741a713b25325c58488fa/Departamento-De-2-Ambientes-En-Alquiler-En-Palermo;2/1/2026;MIGLIORISI INMOBILIARIA
cabaprop;palermo;Departamento;Castex-san Martìn De Tours: 2 Ambientes Luz Y Sol;650000;109000;Avenida del Libertador al 3800;38;38;2;1;1;https://cabaprop.com.ar/propiedad/69560e17269e10adbff05eb9/Castex-san-Martin-De-Tours-2-Ambientes-Luz-Y-Sol;1/1/2026;LLAURÓ Propiedades
cabaprop;palermo;Departamento;Departamento En Alquiler. Ubicado En Palermo Soho, 2 Ambientes, Luz Y Sol.;600000;110000;Armenia al 1200;38;37;2;1;1;https://cabaprop.com.ar/propiedad/695389df269e10adbfed6267/Departamento-En-Alquiler-Ubicado-En-Palermo-Soho-2-Ambientes-Luz-Y-Sol;30/12/2025;LLAURÓ Propiedades
cabaprop;palermo;Departamento;Beruti 3700;800000;160000;Aráoz al 2600;52;52;2;1;1;https://cabaprop.com.ar/propiedad/69536a03269e10adbfed2a4e/Beruti-3700;30/12/2025;ESCALADA PROPIEDADES
cabaprop;palermo;Departamento;Departamento - Alquiler - Capital Federal;650000;85800;AV SANTA FE al 5300;35;33;2;1;1;https://cabaprop.com.ar/propiedad/6953678a269e10adbfed1a35/Departamento---Alquiler---Capital-Federal;30/12/2025;LEPORE
cabaprop;palermo;Departamento;Departamento Dos Ambientes En Palermo Chico;680000;180000;Juan Francisco Seguí al 3600;35;35;2;1;1;https://cabaprop.com.ar/propiedad/69534f41269e10adbfecd84a/Departamento-Dos-Ambientes-En-Palermo-Chico;30/12/2025;YANKEL GROUP
cabaprop;palermo;Departamento;ALQUIER DEPARTAMENTO 2 AMBIENTES EN PALERMO ! EXCELENTE UBICACION !!;550000;223000;SOLER al 3600;47;44;2;1;;https://cabaprop.com.ar/propiedad/6946380838bf638b63bd550c/ALQUIER-DEPARTAMENTO-2-AMBIENTES-EN-PALERMO-EXCELENTE-UBICACION;20/12/2025;LEPORE
cabaprop;parque-chas;Departamento;MONOAMBIENTE DIVISIBLE CON COCHERA!!! HERMOSO;800000;140000;Comuna al 0;41;38;2;1;1;https://cabaprop.com.ar/propiedad/698245cfe093840dd613edf3/MONOAMBIENTE-DIVISIBLE-CON-COCHERA-HERMOSO;3/2/2026;Milhouse Propiedades
cabaprop;parque-chas;Departamento;DEPARTAMENTO 2 AMBIENTES - PARQUE CHAS, CAPITAL FEDERAL;550000;124000;TORRENT al 1300;47;38;2;1;1;https://cabaprop.com.ar/propiedad/68f111425f9b3aad853b018a/DEPARTAMENTO-2-AMBIENTES---PARQUE-CHAS-CAPITAL-FEDERAL;16/10/2025;VEGA ORGANIZACION INMOBILIARIA
cabaprop;recoleta;Departamento;Departamento En Alquiler En Recoleta;750000;120000;Laprida al 2100;48;30;2;1;1;https://cabaprop.com.ar/propiedad/698eadda76238456d4ac8b8f/Departamento-En-Alquiler-En-Recoleta;13/2/2026;Tognola Propiedades
cabaprop;recoleta;Departamento;Departamento En Alquiler En Recoleta;600000;100000;Paraguay al 2500;33;33;2;1;1;https://cabaprop.com.ar/propiedad/698d57f776238456d4ab6ed6/Departamento-En-Alquiler-En-Recoleta;12/2/2026;Yamile Ahibe Propiedades 
cabaprop;recoleta;Departamento;Departamento En Alquiler En Recoleta;700000;120000;Ayacucho al 1400;31;31;2;1;1;https://cabaprop.com.ar/propiedad/698bf73376238456d4aa0f1e/Departamento-En-Alquiler-En-Recoleta;11/2/2026;MARIO COSTA PROPIEDADES
cabaprop;recoleta;Departamento;Departamento En Alquiler En Recoleta;500000;240000;Presidente José Evaristo Uriburu al 1600;40;40;2;1;1;https://cabaprop.com.ar/propiedad/69685e9acc8f3498fadfd788/Departamento-En-Alquiler-En-Recoleta;15/1/2026;MARIO COSTA PROPIEDADES
cabaprop;recoleta;Departamento;Alquilo Depto: Recoleta 2 Amb. Cocina Y Baño Completos. Muy Luminoso. Exc. Ubicacion.-;530000;187200;Azcuénaga al 1200;38;38;2;1;1;https://cabaprop.com.ar/propiedad/69685b38cc8f3498fadfc6ee/Alquilo-Depto-Recoleta-2-Amb-Cocina-Y-Bano-Completos-Muy-Luminoso-Exc-Ubicacion-;15/1/2026;ZELMA PROPIEDADES
cabaprop;recoleta;Departamento;Alquiler de Departamento en Recoleta;750000;110000;José León Pagano al 2700;38;38;2;1;1;https://cabaprop.com.ar/propiedad/6961035bcc8f3498fad44244/Alquiler-de-Departamento-en-Recoleta;9/1/2026;Gustavo Amabile Propiedades
cabaprop;recoleta;Departamento;Libertador Y Callao 2 Ambientes En Alquiler;600000;183000;Avenida del Libertador al 1000;35;35;2;1;1;https://cabaprop.com.ar/propiedad/695389f1269e10adbfed6285/Libertador-Y-Callao-2-Ambientes-En-Alquiler;30/12/2025;LLAURÓ Propiedades
cabaprop;recoleta;Departamento;ALQUILER RECOLETA ALQUILER DOS AMBIENTES IMPECABLE;540000;107000;Jean Jaures al 1100;37;37;2;1;1;https://cabaprop.com.ar/propiedad/6931e8c7c105ae8ac65644af/ALQUILER-RECOLETA-ALQUILER-DOS-AMBIENTES-IMPECABLE;4/12/2025;JORGE LA TORRE GESTION INMOBILAIRIA
cabaprop;recoleta;Departamento;French entre Laprida y Aguero. Contrafrente super luminoso. Vivienda unicamente.;520000;300000;French al 2700;49;44;2;1;1;https://cabaprop.com.ar/propiedad/68f7d51b5f9b3aad8542904f/French-entre-Laprida-y-Aguero-Contrafrente-super-luminoso-Vivienda-unicamente;21/10/2025;JULIO RAMIREZ - NEGOCIOS INMOBILIARIOS
cabaprop;recoleta;Departamento;Alquiler 2 ambiente en recoleta;700000;150000;Libertad al 1100;50;50;2;1;1;https://cabaprop.com.ar/propiedad/687014861345498dcf377aee/Alquiler-2-ambiente-en-recoleta;10/7/2025;MARCELO KALPIN NEGOCIOS INMOBILIARIOS
cabaprop;villa-ortuzar;Departamento;Departamento 2 Ambientes Al Frente Con Balcón, Dormitorio En Suite Y Toilette;600000;150000;Avenida Triunvirato al 2800;48;42;2;1;;https://cabaprop.com.ar/propiedad/69719795cc8f3498faf3bb04/Departamento-2-Ambientes-Al-Frente-Con-Balcon-Dormitorio-En-Suite-Y-Toilette;22/1/2026;VALJOR PROPIEDADES
cabaprop;villa-ortuzar;Departamento;ALQUILER 2 AMBIENTES CERCANÍA SUBTE B COCINA SEPARADA;550000;107000;ALVAREZ THOMAS, AVDA. al 2100;32;32;2;1;1;https://cabaprop.com.ar/propiedad/693280acc105ae8ac657160c/ALQUILER-2-AMBIENTES-CERCANIA-SUBTE-B-COCINA-SEPARADA;5/12/2025;PABLO FONTANA PROPIEDADES
cabaprop;villa-urquiza;Departamento;Departamento En Alquiler En Villa Urquiza;690000;180000;Quesada al 5300;42;42;2;1;1;https://cabaprop.com.ar/propiedad/698fe9db76238456d4ad26cc/Departamento-En-Alquiler-En-Villa-Urquiza;14/2/2026;CIFRE PROFESIONALES INMOBILIARIOS
cabaprop;villa-urquiza;Departamento;Excelente alquiler 2 Amb c/balcón en Villa Urquiza!;650000;120000;Talavera al 5800;50;45;2;1;1;https://cabaprop.com.ar/propiedad/698eb75576238456d4ac9666/Excelente-alquiler-2-Amb-c-balcon-en-Villa-Urquiza;13/2/2026;FIGUEROA HERMIDA PROPIEDADES SRL
cabaprop;villa-urquiza;Departamento;En Alquiler Departamento De 2 Ambientes Villa Urquiza;650000;61000;Avenida Olazábal al 5300;36;36;2;1;1;https://cabaprop.com.ar/propiedad/698eac4576238456d4ac8685/En-Alquiler-Departamento-De-2-Ambientes-Villa-Urquiza;13/2/2026;GRUPO MEGA COLEGIALES
cabaprop;villa-urquiza;Departamento;Bucarelli 2500, Departamento 2 Ambientes C/balcón Y Cochera Cubierta;780000;120000;Bucarelli al 2500;46;43;2;1;1;https://cabaprop.com.ar/propiedad/698e98fe76238456d4ac4a42/Bucarelli-2500-Departamento-2-Ambientes-C-balcon-Y-Cochera-Cubierta;13/2/2026;VALJOR PROPIEDADES
cabaprop;villa-urquiza;Departamento;Villa Urquiza, Alquiler 2 ambientes, Olazabal y Alv. Thomas.;600000;110000;Av. Olazabal al 4500;36;36;2;1;1;https://cabaprop.com.ar/propiedad/698d659776238456d4ab9064/Villa-Urquiza-Alquiler-2-ambientes-Olazabal-y-Alv-Thomas;12/2/2026;ENRIQUE CANNONE PROPIEDADES
cabaprop;villa-urquiza;Departamento;2 ambientes alquiler Villa Urquiza;600000;90000;Pedro Ignacio Rivera al 5000;48;45;2;1;1;https://cabaprop.com.ar/propiedad/698c141a76238456d4aa53ff/2-ambientes-alquiler-Villa-Urquiza;11/2/2026;ENRIQUE CANNONE PROPIEDADES
cabaprop;villa-urquiza;Departamento;Departamento 2 Ambientes Alquiler - Villa Urquiza;540000;100000;Nahuel Huapi al 4100;37;37;2;1;1;https://cabaprop.com.ar/propiedad/6985640676238456d4a50680/Departamento-2-Ambientes-Alquiler---Villa-Urquiza;6/2/2026;DIC PROPIEDADES
cabaprop;villa-urquiza;Departamento;DEPARTAMENTO 2 AMBIENTES - VILLA URQUIZA, CAPITAL FEDERAL;750000;180000;MILLER al 2200;55;50;2;1;1;https://cabaprop.com.ar/propiedad/6983a96b76238456d4a37571/DEPARTAMENTO-2-AMBIENTES---VILLA-URQUIZA-CAPITAL-FEDERAL;4/2/2026;VEGA ORGANIZACION INMOBILIARIA
cabaprop;villa-urquiza;Departamento;Excelente Dpto 2 Amb C/ Bcon Aterrazado. El Alqu. Incluye Expensas - Aysa y Agip;800000;;Nahuel Huapi al 4800;59;50;2;1;1;https://cabaprop.com.ar/propiedad/69835e1f76238456d4a32290/Excelente-Dpto-2-Amb-C-Bcon-Aterrazado-El-Alqu-Incluye-Expensas---Aysa-y-Agip;4/2/2026;MGM NEGOCIOS INMOBILIARIOS
cabaprop;villa-urquiza;Departamento;Departamento - Alquiler - Capital Federal;700000;150000;ALVARES THOMAS al 3000;42;42;2;1;1;https://cabaprop.com.ar/propiedad/6982db02e093840dd614ac83/Departamento---Alquiler---Capital-Federal;4/2/2026;MEZADURIAN NEGOCIOS INMOBILIARIOS
cabaprop;villa-urquiza;Departamento;Departamento - Alquiler - Capital Federal;750000;210000;Mendoza al 4800;57;42;2;1;1;https://cabaprop.com.ar/propiedad/6982da08e093840dd614a1f3/Departamento---Alquiler---Capital-Federal;4/2/2026;G.O. Propiedades 
cabaprop;villa-urquiza;Departamento;Departamento 2 Ambientes Con Balcon Frente;680000;250000;Burela al 2100;50;46;2;1;1;https://cabaprop.com.ar/propiedad/6982bcfee093840dd614516a/Departamento-2-Ambientes-Con-Balcon-Frente;4/2/2026;PEIRANO PROPIEDADES
cabaprop;villa-urquiza;Departamento;Departamento De 3 Ambientes En Alquiler;750000;130000;Avenida de los Incas al 4000;50;50;3;2;1;https://cabaprop.com.ar/propiedad/6982ba70e093840dd614485f/Departamento-De-3-Ambientes-En-Alquiler;4/2/2026;CIFRE PROFESIONALES INMOBILIARIOS
cabaprop;villa-urquiza;Departamento;Departamento 2 Ambientes en Alquiler - Villa Urquiza;650000;150000;Dr. Pedro Ignacio Rivera 5088, C1431 Cdad. Autónoma de Buenos Aires, Argentina0;47;44;2;1;1;https://cabaprop.com.ar/propiedad/6981e9f3e093840dd6138c88/Departamento-2-Ambientes-en-Alquiler---Villa-Urquiza;3/2/2026;JARZ PROPIEDADES
cabaprop;villa-urquiza;Departamento;DEPARTAM,ENTO;690000;;Monroe al 4800;44;44;2;1;1;https://cabaprop.com.ar/propiedad/69809e03e093840dd6125db9/DEPARTAM-ENTO;2/2/2026;HUGUET PROPIEDADES
cabaprop;villa-urquiza;Departamento;Departamento En Alquiler En Villa Urquiza;750000;200000;Galván al 3100;55;55;3;2;1;https://cabaprop.com.ar/propiedad/697d8457e093840dd61023c6/Departamento-En-Alquiler-En-Villa-Urquiza;31/1/2026;MEZZINA INMUEBLES
cabaprop;villa-urquiza;Departamento;Departamento - Alquiler - Capital Federal;600000;60000;Urdininea al 1600;50;50;2;1;;https://cabaprop.com.ar/propiedad/697af0b3e093840dd60ddd0c/Departamento---Alquiler---Capital-Federal;29/1/2026;CASSINO PROPIEDADES
cabaprop;villa-urquiza;Departamento;Departamento En Alquiler En Villa Urquiza;700000;119000;Díaz Colodrero al 2500;45;40;2;1;1;https://cabaprop.com.ar/propiedad/69719dcecc8f3498faf3d417/Departamento-En-Alquiler-En-Villa-Urquiza;22/1/2026;DIC PROPIEDADES
cabaprop;villa-urquiza;Departamento;Departamento 2 Ambientes En Alquiler Villa Urquiza;700000;350000;Avenida Álvarez Thomas al 2800;46;36;2;1;1;https://cabaprop.com.ar/propiedad/6965bf6dcc8f3498fad9bc52/Departamento-2-Ambientes-En-Alquiler-Villa-Urquiza;13/1/2026;Grupo Mega 
cabaprop;villa-urquiza;Departamento;Departamento 2 Ambientes Con Espacio Guardacoche;750000;230000;Cullen al 5300;46;37;2;1;1;https://cabaprop.com.ar/propiedad/6965ba1fcc8f3498fad9a30c/Departamento-2-Ambientes-Con-Espacio-Guardacoche;13/1/2026;VALJOR PROPIEDADES
cabaprop;villa-urquiza;Departamento;Super Amplio;750000;150000;Doctor Pedro Ignacio Rivera al 4100;68;68;3;2;1;https://cabaprop.com.ar/propiedad/695c8a34c04a8d607ea7143e/Super-Amplio;6/1/2026;GRUPO MEGA COGHLAN
cabaprop;villa-urquiza;Departamento;Departamento 2 Ambientes Cntrafrente Con Balcón;700000;180000;Mendoza al 4900;48;43;2;1;1;https://cabaprop.com.ar/propiedad/695738ee13b25325c58469ee/Departamento-2-Ambientes-Cntrafrente-Con-Balcon;2/1/2026;VALJOR PROPIEDADES
cabaprop;villa-urquiza;Departamento;DEPARTAMENTO;520000;;Miller al 2200;37;37;2;1;1;https://cabaprop.com.ar/propiedad/69557b46269e10adbfefcfd8/DEPARTAMENTO;31/12/2025;HUGUET PROPIEDADES
cabaprop;villa-urquiza;Departamento;DEPARTAMENTO;540000;;Avenida Monroe al 4500;37;37;2;1;1;https://cabaprop.com.ar/propiedad/69555ab6269e10adbfefc043/DEPARTAMENTO;31/12/2025;HUGUET PROPIEDADES
cabaprop;villa-urquiza;Departamento;Departamento - Alquiler - Capital Federal;790000;170000;AV OLAZABAL al 5200;60;56;3;2;1;https://cabaprop.com.ar/propiedad/6942458638bf638b63b73c70/Departamento---Alquiler---Capital-Federal;17/12/2025;MEZADURIAN NEGOCIOS INMOBILIARIOS
cabaprop;villa-urquiza;Departamento;Departamento - Alquiler - Capital Federal;750000;157000;Av. Olazabal al 4600;46;42;2;1;1;https://cabaprop.com.ar/propiedad/693a598e38bf638b63aad82a/Departamento---Alquiler---Capital-Federal;11/12/2025;G.O. Propiedades 
cabaprop;villa-urquiza;Departamento;DEPARTAMENTO;690000;;Mendoza al 4800;46;40;2;1;1;https://cabaprop.com.ar/propiedad/691b7ca4cdc4dcdcc74b1da9/DEPARTAMENTO;17/11/2025;HUGUET PROPIEDADES
cabaprop;villa-urquiza;Departamento;Departamento 2 ambientes, al frente, con balcón, living con salida a balcón, cocina competa independiente , lavadero, baño completo , dormitorio con p;580000;90000;Bauness al 2300;40;38;2;1;1;https://cabaprop.com.ar/propiedad/6917835f731c9068f15dff51/Departamento-2-ambientes-al-frente-con-balcon-living-con-salida-a-balcon-cocina-competa-independiente-lavadero-bano-completo-dormitorio-con-p;14/11/2025;Oliveri Propiedades
cabaprop;villa-urquiza;Departamento;Alquiler Departamento 2 Ambientes  Villa Urquiza , muy luminoso;600000;120000;Bauness al 1900;45;40;2;1;1;https://cabaprop.com.ar/propiedad/6909903b4ccdf11f37b7b8c6/Alquiler-Departamento-2-Ambientes-Villa-Urquiza-muy-luminoso;4/11/2025;FIGUEROA HERMIDA PROPIEDADES SRL
cabaprop;villa-urquiza;Departamento;Muy Buen Dpto 3 Amb con Balcón;800000;235000;Díaz Colodrero al 2700;65;60;3;2;1;https://cabaprop.com.ar/propiedad/690247475f9b3aad854f4407/Muy-Buen-Dpto-3-Amb-con-Balcon;29/10/2025;MGM NEGOCIOS INMOBILIARIOS
cabaprop;villa-urquiza;Departamento;DEPARTAMENTO;680000;;Miller al 2500;49;46;2;1;1;https://cabaprop.com.ar/propiedad/68fbd28d5f9b3aad8547c1b7/DEPARTAMENTO;24/10/2025;HUGUET PROPIEDADES
cabaprop;villa-urquiza;Departamento;ALQUILER DE 2 AMBIENTES MUY BUENOS EN VILLA URQUIZA CON 46 M2 BALCON;590000;;Díaz Colodrero al 2900;46;40;2;1;1;https://cabaprop.com.ar/propiedad/68fbb81c5f9b3aad85478850/ALQUILER-DE-2-AMBIENTES-MUY-BUENOS-EN-VILLA-URQUIZA-CON-46-M2-BALCON;24/10/2025;Estudio Araoz Propiedades
cabaprop;villa-urquiza;Departamento;ALQUILER!!! Pacheco y Olazabal - 2 ambtes lateral, luminoso. Piso 5º;500000;130000;Pacheco 2198;44;44;2;1;1;https://cabaprop.com.ar/propiedad/68f2ab315f9b3aad853d04d2/ALQUILER-Pacheco-y-Olazabal---2-ambtes-lateral-luminoso-Piso-5;17/10/2025;FISICARO PROPIEDADES
cabaprop;villa-urquiza;Departamento;DEPARTAMENTO 2 AMBIENTES - VILLA URQUIZA, CAPITAL FEDERAL;600000;150000;BARZANA al 2100;40;40;2;1;1;https://cabaprop.com.ar/propiedad/68eeab265f9b3aad8537defa/DEPARTAMENTO-2-AMBIENTES---VILLA-URQUIZA-CAPITAL-FEDERAL;14/10/2025;VEGA ORGANIZACION INMOBILIARIA
cabaprop;villa-urquiza;Departamento;DEPARTAMENTO 2 AMBIENTES - VILLA URQUIZA, CAPITAL FEDERAL;790000;210000;ALTOLAGUIRRE al 2200;54;50;2;1;1;https://cabaprop.com.ar/propiedad/68e412d95f9b3aad852a568a/DEPARTAMENTO-2-AMBIENTES---VILLA-URQUIZA-CAPITAL-FEDERAL;6/10/2025;INMOBILIARIA FRA
cabaprop;villa-urquiza;Departamento;DEPARTAMENTO 2 AMBIENTES - VILLA URQUIZA, CAPITAL FEDERAL;600000;132000;Monroe al 4900;40;40;2;1;;https://cabaprop.com.ar/propiedad/68cc59a3134581922c9c625a/DEPARTAMENTO-2-AMBIENTES---VILLA-URQUIZA-CAPITAL-FEDERAL;18/9/2025;VEGA ORGANIZACION INMOBILIARIA
